-- VRView sample data for PostgreSQL (schema.sql aligned)
-- Execute after schema.sql

BEGIN;

TRUNCATE TABLE
  facility_role_permission,
  permission_master,
  annotation_type_master,
  equipment_files,
  annotation_files,
  annotation_comments,
  annotations,
  map_points,
  hotspots,
  maps,
  facility_images,
  equipments,
  equipment_masters,
  equipment_types,
  files,
  facilities_tree
RESTART IDENTITY CASCADE;

INSERT INTO facilities_tree (
  facility_id,
  parent_id,
  facility_name,
  sort_order,
  tree_level,
  is_leaf,
  public_flag,
  outer_flag,
  facility_description,
  authority_setting_flg,
  created_at,
  updated_at,
  deleted_at
) VALUES
  (1000, NULL, '関東支店', 10000000, 1, FALSE, '03', FALSE, '関東支店ノード', FALSE, '2026-03-27 10:00:00', '2026-03-27 10:30:00', NULL),
  (1100, 1000, '東京住まいセンター', 10000000, 2, FALSE, '03', FALSE, '東京住まいセンターノード', FALSE, '2026-03-27 10:00:00', '2026-03-27 10:30:00', NULL),
  (1110, 1100, '○○団地', 10000000, 3, FALSE, '03', FALSE, '○○団地ノード', FALSE, '2026-03-27 10:00:00', '2026-03-27 10:30:00', NULL),
  (1111, 1110, '1号棟', 10000000, 4, TRUE, '03', FALSE, '1号棟ノード', TRUE, '2026-03-27 10:00:00', '2026-03-27 10:30:00', NULL),
  (1112, 1110, '2号棟', 20000000, 4, TRUE, '03', FALSE, '2号棟ノード', TRUE, '2026-03-27 10:00:00', '2026-03-27 10:30:00', NULL),
  (1113, 1110, '3号棟', 30000000, 4, FALSE, '03', FALSE, '3号棟ノード', TRUE, '2026-03-27 10:00:00', '2026-03-27 10:30:00', NULL),
  (11131, 1113, '屋外', 10000000, 5, TRUE, '02', TRUE, '3号棟 屋外', TRUE, '2026-03-27 10:00:00', '2026-03-27 10:30:00', NULL),
  (11132, 1113, '1階', 20000000, 5, FALSE, '02', FALSE, '3号棟 1階', TRUE, '2026-03-27 10:00:00', '2026-03-27 10:30:00', NULL),
  (111321, 11132, '101号', 10000000, 6, FALSE, '02', FALSE, '3号棟 1階 101号', TRUE, '2026-03-27 10:00:00', '2026-03-27 10:30:00', NULL),
  (1113211, 111321, '居間', 10000000, 7, TRUE, '01', FALSE, '101号 居間', TRUE, '2026-03-27 10:00:00', '2026-03-27 10:30:00', NULL),
  (1113212, 111321, '台所', 20000000, 7, TRUE, '01', FALSE, '101号 台所', TRUE, '2026-03-27 10:00:00', '2026-03-27 10:30:00', NULL),
  (1113213, 111321, '玄関', 30000000, 7, TRUE, '01', FALSE, '101号 玄関', TRUE, '2026-03-27 10:00:00', '2026-03-27 10:30:00', NULL),
  (1113214, 111321, 'トイレ', 40000000, 7, TRUE, '01', FALSE, '101号 トイレ', TRUE, '2026-03-27 10:00:00', '2026-03-27 10:30:00', NULL),
  (1113215, 111321, '寝室', 50000000, 7, TRUE, '01', FALSE, '101号 寝室', TRUE, '2026-03-27 10:00:00', '2026-03-27 10:30:00', NULL),
  (1113216, 111321, '浴室', 60000000, 7, TRUE, '01', FALSE, '101号 浴室', TRUE, '2026-03-27 10:00:00', '2026-03-27 10:30:00', NULL),
  (11133, 1113, '2階', 30000000, 5, TRUE, '02', FALSE, '3号棟 2階', TRUE, '2026-03-27 10:00:00', '2026-03-27 10:30:00', NULL),
  (11134, 1113, '3階', 40000000, 5, FALSE, '02', FALSE, '3号棟 3階', TRUE, '2026-03-27 10:00:00', '2026-03-27 10:30:00', NULL),
  (111341, 11134, '301号室', 10000000, 6, FALSE, '02', FALSE, '301号室ノード', TRUE, '2026-03-27 10:00:00', '2026-03-27 10:30:00', NULL),
  (1113411, 111341, '玄関', 10000000, 7, TRUE, '01', FALSE, '301号室 玄関', TRUE, '2026-03-27 10:00:00', '2026-03-27 10:30:00', NULL),
  (1113412, 111341, '廊下', 20000000, 7, TRUE, '01', FALSE, '301号室 廊下', TRUE, '2026-03-27 10:00:00', '2026-03-27 10:30:00', NULL),
  (1113413, 111341, '洗面所', 30000000, 7, TRUE, '01', FALSE, '301号室 洗面所', TRUE, '2026-03-27 10:00:00', '2026-03-27 10:30:00', NULL),
  (1113414, 111341, 'トイレ', 40000000, 7, TRUE, '01', FALSE, '301号室 トイレ', TRUE, '2026-03-27 10:00:00', '2026-03-27 10:30:00', NULL),
  (1113415, 111341, 'キッチン', 50000000, 7, TRUE, '01', FALSE, '301号室 キッチン', TRUE, '2026-03-27 10:00:00', '2026-03-27 10:30:00', NULL),
  (1113416, 111341, '大部屋1', 60000000, 7, TRUE, '01', FALSE, '301号室 大部屋1', TRUE, '2026-03-27 10:00:00', '2026-03-27 10:30:00', NULL),
  (1113417, 111341, '大部屋2', 70000000, 7, TRUE, '01', FALSE, '301号室 大部屋2', TRUE, '2026-03-27 10:00:00', '2026-03-27 10:30:00', NULL),
  (1113418, 111341, '小室A', 80000000, 7, TRUE, '01', FALSE, '301号室 小室A', TRUE, '2026-03-27 10:00:00', '2026-03-27 10:30:00', NULL),
  (1113419, 111341, '小室B', 90000000, 7, TRUE, '01', FALSE, '301号室 小室B', TRUE, '2026-03-27 10:00:00', '2026-03-27 10:30:00', NULL),
  (111342, 11134, '302号室', 20000000, 6, TRUE, '02', FALSE, '302号室ノード', TRUE, '2026-03-27 10:00:00', '2026-03-27 10:30:00', NULL),
  (11135, 1113, '4階', 50000000, 5, TRUE, '02', FALSE, '3号棟 4階', TRUE, '2026-03-27 10:00:00', '2026-03-27 10:30:00', NULL),
  (1114, 1110, '4号棟', 40000000, 4, TRUE, '03', FALSE, '4号棟ノード', TRUE, '2026-03-27 10:00:00', '2026-03-27 10:30:00', NULL),
  (1115, 1110, '5号棟', 50000000, 4, TRUE, '03', FALSE, '5号棟ノード', TRUE, '2026-03-27 10:00:00', '2026-03-27 10:30:00', NULL),
  (1120, 1100, '△△団地', 20000000, 3, FALSE, '03', FALSE, '△△団地ノード', FALSE, '2026-03-27 10:00:00', '2026-03-27 10:30:00', NULL),
  (1121, 1120, '1号棟', 10000000, 4, TRUE, '03', FALSE, '△△団地 1号棟', TRUE, '2026-03-27 10:00:00', '2026-03-27 10:30:00', NULL),
  (1122, 1120, '2号棟', 20000000, 4, FALSE, '03', FALSE, '△△団地 2号棟', TRUE, '2026-03-27 10:00:00', '2026-03-27 10:30:00', NULL),
  (11221, 1122, '1階', 10000000, 5, FALSE, '02', FALSE, '△△団地 2号棟 1階', TRUE, '2026-03-27 10:00:00', '2026-03-27 10:30:00', NULL),
  (112211, 11221, '103号', 10000000, 6, FALSE, '02', FALSE, '△△団地 2号棟 1階 103号', TRUE, '2026-03-27 10:00:00', '2026-03-27 10:30:00', NULL),
  (1122111, 112211, '居間', 10000000, 7, TRUE, '01', FALSE, '103号 居間', TRUE, '2026-03-27 10:00:00', '2026-03-27 10:30:00', NULL),
  (1130, 1100, '◇◇団地', 30000000, 3, TRUE, '03', FALSE, '◇◇団地ノード', FALSE, '2026-03-27 10:00:00', '2026-03-27 10:30:00', NULL),
  (1200, 1000, '千葉住まいセンター', 20000000, 2, TRUE, '03', FALSE, '千葉住まいセンターノード', FALSE, '2026-03-27 10:00:00', '2026-03-27 10:30:00', NULL),
  (1300, 1000, '埼玉住まいセンター', 30000000, 2, TRUE, '03', FALSE, '埼玉住まいセンターノード', FALSE, '2026-03-27 10:00:00', '2026-03-27 10:30:00', NULL),
  (1400, 1000, '神奈川住まいセンター', 40000000, 2, TRUE, '03', FALSE, '神奈川住まいセンターノード', FALSE, '2026-03-27 10:00:00', '2026-03-27 10:30:00', NULL),
  (2000, NULL, '中部支店', 20000000, 1, FALSE, '03', FALSE, '中部支店ノード', FALSE, '2026-03-27 10:00:00', '2026-03-27 10:30:00', NULL),
  (2100, 2000, '名古屋住まいセンター', 10000000, 2, FALSE, '03', FALSE, '名古屋住まいセンターノード', FALSE, '2026-03-27 10:00:00', '2026-03-27 10:30:00', NULL),
  (2110, 2100, '□□団地', 10000000, 3, FALSE, '03', FALSE, '□□団地ノード', FALSE, '2026-03-27 10:00:00', '2026-03-27 10:30:00', NULL),
  (2111, 2110, '1号棟', 10000000, 4, TRUE, '03', FALSE, '□□団地 1号棟', TRUE, '2026-03-27 10:00:00', '2026-03-27 10:30:00', NULL),
  (2112, 2110, '2号棟', 20000000, 4, FALSE, '03', FALSE, '□□団地 2号棟', TRUE, '2026-03-27 10:00:00', '2026-03-27 10:30:00', NULL),
  (21121, 2112, '1階', 10000000, 5, TRUE, '02', FALSE, '□□団地 2号棟 1階', TRUE, '2026-03-27 10:00:00', '2026-03-27 10:30:00', NULL),
  (21122, 2112, '2階', 20000000, 5, FALSE, '02', FALSE, '□□団地 2号棟 2階', TRUE, '2026-03-27 10:00:00', '2026-03-27 10:30:00', NULL),
  (211221, 21122, '共用部', 10000000, 6, TRUE, '02', FALSE, '□□団地 2号棟 2階 共用部', TRUE, '2026-03-27 10:00:00', '2026-03-27 10:30:00', NULL),
  (211222, 21122, '201号', 20000000, 6, TRUE, '02', FALSE, '□□団地 2号棟 2階 201号', TRUE, '2026-03-27 10:00:00', '2026-03-27 10:30:00', NULL),
  (211223, 21122, '202号', 30000000, 6, FALSE, '02', FALSE, '□□団地 2号棟 2階 202号', TRUE, '2026-03-27 10:00:00', '2026-03-27 10:30:00', NULL),
  (2112231, 211223, '居間', 10000000, 7, TRUE, '01', FALSE, '202号 居間', TRUE, '2026-03-27 10:00:00', '2026-03-27 10:30:00', NULL),
  (2112232, 211223, '台所', 20000000, 7, TRUE, '01', FALSE, '202号 台所', TRUE, '2026-03-27 10:00:00', '2026-03-27 10:30:00', NULL),
  (2112233, 211223, '玄関', 30000000, 7, TRUE, '01', FALSE, '202号 玄関', TRUE, '2026-03-27 10:00:00', '2026-03-27 10:30:00', NULL),
  (2112234, 211223, 'トイレ', 40000000, 7, TRUE, '01', FALSE, '202号 トイレ', TRUE, '2026-03-27 10:00:00', '2026-03-27 10:30:00', NULL),
  (2112235, 211223, '子供部屋', 50000000, 7, TRUE, '01', FALSE, '202号 子供部屋', TRUE, '2026-03-27 10:00:00', '2026-03-27 10:30:00', NULL),
  (2112236, 211223, '浴室', 60000000, 7, TRUE, '01', FALSE, '202号 浴室', TRUE, '2026-03-27 10:00:00', '2026-03-27 10:30:00', NULL),
  (2113, 2110, '3号棟', 30000000, 4, TRUE, '03', FALSE, '□□団地 3号棟', TRUE, '2026-03-27 10:00:00', '2026-03-27 10:30:00', NULL),
  (3000, NULL, '関西支店', 30000000, 1, TRUE, '03', FALSE, '関西支店ノード', FALSE, '2026-03-27 10:00:00', '2026-03-27 10:30:00', NULL);

INSERT INTO files (
  file_id,
  file_name,
  file_path,
  file_type,
  file_size,
  s3_bucket,
  created_at,
  deleted_at
) VALUES
  (5000, 'entrance.jpg', '/5000', 'vr_image', 102400, 'pygmalion-vr-files', '2026-03-27 10:00:00', NULL),
  (5001, 'hallway.jpg', '/5001', 'vr_image', 102400, 'pygmalion-vr-files', '2026-03-27 10:00:00', NULL),
  (5002, 'washroom.jpg', '/5002', 'vr_image', 102400, 'pygmalion-vr-files', '2026-03-27 10:00:00', NULL),
  (5003, 'toilet.jpg', '/5003', 'vr_image', 102400, 'pygmalion-vr-files', '2026-03-27 10:00:00', NULL),
  (5004, 'kitchen.jpg', '/5004', 'vr_image', 102400, 'pygmalion-vr-files', '2026-03-27 10:00:00', NULL),
  (5005, 'large-room-1.jpg', '/5005', 'vr_image', 102400, 'pygmalion-vr-files', '2026-03-27 10:00:00', NULL),
  (5006, 'large-room-2.jpg', '/5006', 'vr_image', 102400, 'pygmalion-vr-files', '2026-03-27 10:00:00', NULL),
  (5007, 'small-room-a.jpg', '/5007', 'vr_image', 102400, 'pygmalion-vr-files', '2026-03-27 10:00:00', NULL),
  (5008, 'small-room-b.jpg', '/5008', 'vr_image', 102400, 'pygmalion-vr-files', '2026-03-27 10:00:00', NULL),
  (5009, 'floorplan.png', '/5009', 'map_image', 153600, 'pygmalion-vr-files', '2026-03-27 10:00:00', NULL),
  (5010, 'manual.pdf', '/5010', 'annotation', 65536, 'pygmalion-vr-files', '2026-03-27 10:00:00', NULL);

INSERT INTO permission_master (
  permission_id,
  permission_name,
  created_at,
  updated_at,
  deleted_at
) VALUES
  (10, '施設編集', '2026-03-27 10:00:00', '2026-03-27 10:30:00', NULL),
  (20, 'VR画像参照', '2026-03-27 10:00:00', '2026-03-27 10:30:00', NULL),
  (30, '付箋参照', '2026-03-27 10:00:00', '2026-03-27 10:30:00', NULL),
  (40, '付箋追加・変更・削除', '2026-03-27 10:00:00', '2026-03-27 10:30:00', NULL),
  (50, '設備参照', '2026-03-27 10:00:00', '2026-03-27 10:30:00', NULL);

-- keycloak_role_name 対応表:
--   SYS_ADMIN, SYS_MASTER, R_PJMGR01, R_PJMGR02, R_USER01, R_USER02, R_USER03, R_USER04
-- permission_id 対応表:
--   10=施設編集, 20=VR画像参照, 30=付箋参照, 40=付箋追加・変更・削除, 50=設備参照
INSERT INTO facility_role_permission (
  facility_role_permission_id,
  permission_id,
  facility_id,
  keycloak_role_name,
  created_at,
  updated_at,
  deleted_at
) VALUES
  -- 111341（301号室）: R_PJMGR01 が全権限
  (1, 10, 111341, 'R_PJMGR01', '2026-03-27 10:00:00', '2026-03-27 10:30:00', NULL),
  (2, 20, 111341, 'R_PJMGR01', '2026-03-27 10:00:00', '2026-03-27 10:30:00', NULL),
  (3, 30, 111341, 'R_PJMGR01', '2026-03-27 10:00:00', '2026-03-27 10:30:00', NULL),
  (4, 40, 111341, 'R_PJMGR01', '2026-03-27 10:00:00', '2026-03-27 10:30:00', NULL),
  (5, 50, 111341, 'R_PJMGR01', '2026-03-27 10:00:00', '2026-03-27 10:30:00', NULL),
  -- 111342（302号室）: R_PJMGR01 が VR参照・付箋操作、R_USER01 が VR参照のみ
  (6, 20, 111342, 'R_PJMGR01', '2026-03-27 10:00:00', '2026-03-27 10:30:00', NULL),
  (7, 30, 111342, 'R_PJMGR01', '2026-03-27 10:00:00', '2026-03-27 10:30:00', NULL),
  (8, 40, 111342, 'R_PJMGR01', '2026-03-27 10:00:00', '2026-03-27 10:30:00', NULL),
  (9, 50, 111342, 'R_PJMGR01', '2026-03-27 10:00:00', '2026-03-27 10:30:00', NULL),
  -- 11135（4階）: R_USER01 が VR参照・付箋参照、R_PJMGR02 が付箋操作・設備参照
  (10, 20, 11135, 'R_USER01', '2026-03-27 10:00:00', '2026-03-27 10:30:00', NULL),
  (11, 30, 11135, 'R_USER01', '2026-03-27 10:00:00', '2026-03-27 10:30:00', NULL),
  (12, 40, 11135, 'R_PJMGR02', '2026-03-27 10:00:00', '2026-03-27 10:30:00', NULL),
  (13, 50, 11135, 'R_PJMGR02', '2026-03-27 10:00:00', '2026-03-27 10:30:00', NULL),
  -- 1120（△△団地）: R_USER01 が VR参照・付箋参照、R_PJMGR02 が付箋操作・設備参照
  (14, 20, 1120, 'R_USER01', '2026-03-27 10:00:00', '2026-03-27 10:30:00', NULL),
  (15, 30, 1120, 'R_USER01', '2026-03-27 10:00:00', '2026-03-27 10:30:00', NULL),
  (16, 40, 1120, 'R_PJMGR02', '2026-03-27 10:00:00', '2026-03-27 10:30:00', NULL),
  (17, 50, 1120, 'R_PJMGR02', '2026-03-27 10:00:00', '2026-03-27 10:30:00', NULL);

INSERT INTO equipment_types (
  equipment_type_id,
  equipment_type_name,
  created_at,
  updated_at,
  deleted_at
) VALUES
  (1, '空調', '2026-03-27 10:00:00', '2026-03-27 10:30:00', NULL),
  (2, '防災', '2026-03-27 10:00:00', '2026-03-27 10:30:00', NULL);

INSERT INTO equipment_masters (
  equipment_master_id,
  equipment_type_id,
  equipment_name,
  equipment_info_json,
  equipment_info_html,
  created_at,
  updated_at,
  deleted_at
) VALUES
  (10, 1, '室外機A', '{"maker":"TIS","model":"ABC-100"}', '<p>メーカー: TIS</p>', '2026-03-27 10:00:00', '2026-03-27 10:30:00', NULL),
  (20, 2, '消火器C', '{"maker":"TIS","capacity":"10L"}', '<p>容量: 10L</p>', '2026-03-27 10:00:00', '2026-03-27 10:30:00', NULL);

INSERT INTO equipments (
  equipment_id,
  facility_id,
  equipment_master_id,
  yaw,
  pitch,
  created_at,
  updated_at,
  deleted_at
) VALUES
  (1, 1111, 10, -20.0160, -9.9900, '2026-03-27 10:00:00', '2026-03-27 10:30:00', NULL),
  (2, 1113211, 10, -102.8160, -27.9900, '2026-03-27 10:00:00', '2026-03-27 10:30:00', NULL),
  (3, 1113213, 20, -59.6160, 7.9900, '2026-03-27 10:00:00', '2026-03-27 10:30:00', NULL),
  (4, 1113216, 20, 5.1840, 25.9900, '2026-03-27 10:00:00', '2026-03-27 10:30:00', NULL),
  (5, 2112231, 10, -30.8160, -4.5900, '2026-03-27 10:00:00', '2026-03-27 10:30:00', NULL),
  (6, 2113, 20, -88.4160, -18.9900, '2026-03-27 10:00:00', '2026-03-27 10:30:00', NULL);

INSERT INTO facility_images (
  image_id,
  facility_id,
  file_id,
  image_name,
  shooting_height,
  ceiling_height,
  created_at,
  updated_at,
  deleted_at
) VALUES
  (6001, 1111, 5001, '1号棟VR', 1500, 3000, '2026-03-27 10:00:00', '2026-03-27 10:30:00', NULL),
  (6002, 1112, 5001, '2号棟VR', 1500, 3000, '2026-03-27 10:00:00', '2026-03-27 10:30:00', NULL),
  (6003, 1113, 5001, '3号棟VR', 1500, 3000, '2026-03-27 10:00:00', '2026-03-27 10:30:00', NULL),
  (6005, 1113211, 5005, '101号居間VR', 1500, 3000, '2026-03-27 10:00:00', '2026-03-27 10:30:00', NULL),
  (6006, 1113212, 5004, '101号台所VR', 1500, 3000, '2026-03-27 10:00:00', '2026-03-27 10:30:00', NULL),
  (6007, 1113213, 5000, '101号玄関VR', 1500, 3000, '2026-03-27 10:00:00', '2026-03-27 10:30:00', NULL),
  (6008, 1113214, 5003, '101号トイレVR', 1500, 3000, '2026-03-27 10:00:00', '2026-03-27 10:30:00', NULL),
  (6009, 1113215, 5007, '101号寝室VR', 1500, 3000, '2026-03-27 10:00:00', '2026-03-27 10:30:00', NULL),
  (6010, 1113216, 5002, '101号浴室VR', 1500, 3000, '2026-03-27 10:00:00', '2026-03-27 10:30:00', NULL),
  (6011, 211221, 5001, '共用部VR', 1500, 3000, '2026-03-27 10:00:00', '2026-03-27 10:30:00', NULL),
  (6012, 211222, 5001, '201号VR', 1500, 3000, '2026-03-27 10:00:00', '2026-03-27 10:30:00', NULL),
  (6014, 2112231, 5006, '202号居間VR', 1500, 3000, '2026-03-27 10:00:00', '2026-03-27 10:30:00', NULL),
  (6015, 2112232, 5004, '202号台所VR', 1500, 3000, '2026-03-27 10:00:00', '2026-03-27 10:30:00', NULL),
  (6016, 2112233, 5000, '202号玄関VR', 1500, 3000, '2026-03-27 10:00:00', '2026-03-27 10:30:00', NULL),
  (6017, 2112234, 5003, '202号トイレVR', 1500, 3000, '2026-03-27 10:00:00', '2026-03-27 10:30:00', NULL),
  (6018, 2112235, 5008, '202号子供部屋VR', 1500, 3000, '2026-03-27 10:00:00', '2026-03-27 10:30:00', NULL),
  (6019, 2112236, 5002, '202号浴室VR', 1500, 3000, '2026-03-27 10:00:00', '2026-03-27 10:30:00', NULL);

INSERT INTO maps (
  map_id,
  facility_id,
  file_id,
  map_name,
  image_width,
  image_height,
  created_at,
  updated_at,
  deleted_at
) VALUES
  (7001, 111341, 5009, '301号室平面図', 736, 736, '2026-03-27 10:00:00', '2026-03-27 10:30:00', NULL),
  (7002, 1110, 5009, '○○団地平面図', 736, 736, '2026-03-27 10:00:00', '2026-03-27 10:30:00', NULL),
  (7003, 111321, 5009, '101号平面図', 736, 736, '2026-03-27 10:00:00', '2026-03-27 10:30:00', NULL),
  (7004, 211223, 5009, '202号平面図', 736, 736, '2026-03-27 10:00:00', '2026-03-27 10:30:00', NULL);

INSERT INTO map_points (
  map_point_id,
  map_id,
  facility_id,
  x,
  y,
  target_id,
  created_at,
  updated_at,
  deleted_at
) VALUES
  (8001, 7001, 1113411, 330, 255, 1113411, '2026-03-27 10:00:00', '2026-03-27 10:30:00', NULL),
  (8002, 7001, 1113412, 390, 610, 1113412, '2026-03-27 10:00:00', '2026-03-27 10:30:00', NULL),
  (8003, 7001, 1113413, 330, 390, 1113413, '2026-03-27 10:00:00', '2026-03-27 10:30:00', NULL),
  (8004, 7001, 1113414, 385, 685, 1113414, '2026-03-27 10:00:00', '2026-03-27 10:30:00', NULL),
  (8005, 7001, 1113415, 330, 130, 1113415, '2026-03-27 10:00:00', '2026-03-27 10:30:00', NULL),
  (8006, 7001, 1113416, 470, 180, 1113416, '2026-03-27 10:00:00', '2026-03-27 10:30:00', NULL),
  (8007, 7001, 1113417, 620, 280, 1113417, '2026-03-27 10:00:00', '2026-03-27 10:30:00', NULL),
  (8008, 7001, 1113418, 610, 520, 1113418, '2026-03-27 10:00:00', '2026-03-27 10:30:00', NULL),
  (8009, 7001, 1113419, 570, 690, 1113419, '2026-03-27 10:00:00', '2026-03-27 10:30:00', NULL),
  (8010, 7003, 1113211, 470, 180, 1113211, '2026-03-27 10:00:00', '2026-03-27 10:30:00', NULL),
  (8011, 7003, 1113212, 330, 130, 1113212, '2026-03-27 10:00:00', '2026-03-27 10:30:00', NULL),
  (8012, 7003, 1113213, 390, 610, 1113213, '2026-03-27 10:00:00', '2026-03-27 10:30:00', NULL),
  (8013, 7003, 1113214, 385, 685, 1113214, '2026-03-27 10:00:00', '2026-03-27 10:30:00', NULL),
  (8014, 7003, 1113215, 600, 250, 1113215, '2026-03-27 10:00:00', '2026-03-27 10:30:00', NULL);

INSERT INTO annotation_type_master (
  annotation_type,
  annotation_type_name,
  created_at,
  updated_at,
  deleted_at
) VALUES
  ('10', '緊急', '2026-03-27 10:00:00', '2026-03-27 10:30:00', NULL),
  ('20', '一般', '2026-03-27 10:00:00', '2026-03-27 10:30:00', NULL);

INSERT INTO hotspots (
  hotspot_id,
  image_id,
  yaw,
  pitch,
  target_id,
  created_at,
  updated_at,
  deleted_at
) VALUES
  (1, 6006, -144.0000, 45.0000, 1113213, '2026-03-27 10:00:00', '2026-03-27 10:30:00', NULL),
  (2, 6007, -108.0000, 9.0000, 1113212, '2026-03-27 10:00:00', '2026-03-27 10:30:00', NULL);

INSERT INTO annotations (
  annotation_id,
  facility_id,
  yaw,
  pitch,
  annotation_type,
  annotation_title,
  annotation_content,
  display_expire_type,
  display_expire_at,
  created_at,
  created_by,
  updated_at,
  deleted_at
) VALUES
  (1, 1113212, -100.0080, 30.0060, '10', '台所点検', '台所設備の点検をお願いします', TRUE, '2026-03-31 18:00:00', '2026-03-27 10:00:00', 'tie000001', '2026-03-27 10:30:00', NULL),
  (2, 1113213, 40.4280, 15.7860, '20', '玄関漏水対応', '玄関付近で漏水が発生しています', FALSE, NULL, '2026-03-27 10:00:00', 'tie000002', '2026-03-27 10:30:00', NULL),
  (3, 1113213, -67.5720, -4.0140, '10', '玄関掲示確認', '玄関掲示の更新内容を確認してください', FALSE, NULL, '2026-03-27 10:05:00', 'tie000001', '2026-03-27 10:35:00', NULL),
  (4, 1113214, -31.5720, 39.1860, '20', 'トイレ異臭調査', 'トイレで異臭が発生しています', TRUE, '2026-03-29 12:00:00', '2026-03-27 10:10:00', 'tie000002', '2026-03-27 10:40:00', NULL),
  (5, 1113216, 4.4280, 24.7860, '10', '浴室補修依頼', '浴室の補修確認をお願いします', FALSE, NULL, '2026-03-27 10:15:00', 'tie000001', '2026-03-27 10:45:00', NULL),
  (6, 1113214, -103.5720, 6.7860, '10', 'トイレ設備確認', 'トイレ設備の状態確認をお願いします', FALSE, NULL, '2026-03-27 10:20:00', 'tie000001', '2026-03-27 10:50:00', NULL),
  (7, 1113214, -88.4160, -18.9900, '20', 'トイレ換気確認', '換気状態を確認してください', FALSE, NULL, '2026-03-27 10:25:00', 'tie000002', '2026-03-27 10:55:00', NULL),
  (8, 1113216, -20.0160, -9.9900, '10', '浴室掲示更新', '浴室掲示の更新をお願いします', FALSE, NULL, '2026-03-27 10:30:00', 'tie000001', '2026-03-27 11:00:00', NULL),
  (9, 1113216, -102.8160, -27.9900, '20', '浴室漏水確認', '浴室壁面の漏水を確認してください', FALSE, NULL, '2026-03-27 10:35:00', 'tie000002', '2026-03-27 11:05:00', NULL),
  (10, 1113216, -59.6160, 7.9900, '10', '浴室清掃確認', '清掃状況を確認してください', FALSE, NULL, '2026-03-27 10:40:00', 'tie000001', '2026-03-27 11:10:00', NULL),
  (11, 1113216, 5.1840, 25.9900, '20', '浴室異臭調査', '異臭発生源の調査をお願いします', TRUE, '2026-03-30 12:00:00', '2026-03-27 10:45:00', 'tie000002', '2026-03-27 11:15:00', NULL),
  (12, 1113216, -30.8160, -4.5900, '10', '浴室掲示確認', '注意喚起掲示を確認してください', FALSE, NULL, '2026-03-27 10:50:00', 'tie000001', '2026-03-27 11:20:00', NULL),
  (13, 1113216, -88.4160, -18.9900, '20', '浴室排水点検', '排水状況の点検をお願いします', FALSE, NULL, '2026-03-27 10:55:00', 'tie000002', '2026-03-27 11:25:00', NULL),
  (14, 1113216, -144.0000, 45.0000, '10', '浴室備品確認', '備品の補充状況を確認してください', FALSE, NULL, '2026-03-27 11:00:00', 'tie000001', '2026-03-27 11:30:00', NULL),
  (15, 1113216, -108.0000, 9.0000, '20', '浴室床面確認', '床面の安全確認をお願いします', FALSE, NULL, '2026-03-27 11:05:00', 'tie000002', '2026-03-27 11:35:00', NULL),
  (16, 1113216, 30.0000, -10.0000, '10', '浴室最終確認', '最終点検を実施してください', FALSE, NULL, '2026-03-27 11:10:00', 'tie000001', '2026-03-27 11:40:00', NULL),
  (17, 1122111, -103.5720, 6.7860, '20', '103号居間確認', '103号居間の状況確認をお願いします', FALSE, NULL, '2026-03-27 11:15:00', 'tie000002', '2026-03-27 11:45:00', NULL),
  (18, 1122111, -70.0000, 10.0000, '10', '103号居間清掃', '清掃状態を確認してください', FALSE, NULL, '2026-03-27 11:20:00', 'tie000001', '2026-03-27 11:50:00', NULL),
  (19, 1122111, -20.0000, 5.0000, '20', '103号居間設備', '設備状態の確認をお願いします', FALSE, NULL, '2026-03-27 11:25:00', 'tie000002', '2026-03-27 11:55:00', NULL);

INSERT INTO annotation_comments (
  annotation_comment_id,
  annotation_id,
  comment_text,
  created_at,
  created_by,
  deleted_at
) VALUES
  (1, 1, '確認しました。対応を進めます。', '2026-03-27 11:00:00', 'tie000002', NULL),
  (2, 1, '本日中に対応予定です。', '2026-03-27 11:30:00', 'tie000003', NULL),
  (3, 4, '優先対応として処理します。', '2026-03-27 11:40:00', 'tie000003', NULL),
  (4, 5, '現地確認を開始します。', '2026-03-27 11:45:00', 'tie000002', NULL),
  (5, 8, '作業手順を共有しました。', '2026-03-27 11:50:00', 'tie000003', NULL),
  (6, 11, '期限内に完了予定です。', '2026-03-27 11:55:00', 'tie000002', NULL),
  (7, 17, '担当者へ引き継ぎ済みです。', '2026-03-27 12:00:00', 'tie000003', NULL);

INSERT INTO annotation_files (
  annotation_file_id,
  annotation_id,
  file_id
) VALUES
  (1, 1, 5003);

INSERT INTO equipment_files (
  equipment_file_id,
  equipment_master_id,
  file_id
) VALUES
  (1, 10, 5010);

SELECT setval(pg_get_serial_sequence('facilities_tree', 'facility_id'), COALESCE((SELECT MAX(facility_id) FROM facilities_tree), 1), true);
SELECT setval(pg_get_serial_sequence('files', 'file_id'), COALESCE((SELECT MAX(file_id) FROM files), 1), true);
SELECT setval(pg_get_serial_sequence('permission_master', 'permission_id'), COALESCE((SELECT MAX(permission_id) FROM permission_master), 1), true);
SELECT setval(pg_get_serial_sequence('facility_role_permission', 'facility_role_permission_id'), COALESCE((SELECT MAX(facility_role_permission_id) FROM facility_role_permission), 1), true);
SELECT setval(pg_get_serial_sequence('equipment_types', 'equipment_type_id'), COALESCE((SELECT MAX(equipment_type_id) FROM equipment_types), 1), true);
SELECT setval(pg_get_serial_sequence('equipment_masters', 'equipment_master_id'), COALESCE((SELECT MAX(equipment_master_id) FROM equipment_masters), 1), true);
SELECT setval(pg_get_serial_sequence('equipments', 'equipment_id'), COALESCE((SELECT MAX(equipment_id) FROM equipments), 1), true);
SELECT setval(pg_get_serial_sequence('facility_images', 'image_id'), COALESCE((SELECT MAX(image_id) FROM facility_images), 1), true);
SELECT setval(pg_get_serial_sequence('maps', 'map_id'), COALESCE((SELECT MAX(map_id) FROM maps), 1), true);
SELECT setval(pg_get_serial_sequence('map_points', 'map_point_id'), COALESCE((SELECT MAX(map_point_id) FROM map_points), 1), true);
SELECT setval(pg_get_serial_sequence('hotspots', 'hotspot_id'), COALESCE((SELECT MAX(hotspot_id) FROM hotspots), 1), true);
SELECT setval(pg_get_serial_sequence('annotations', 'annotation_id'), COALESCE((SELECT MAX(annotation_id) FROM annotations), 1), true);
SELECT setval(pg_get_serial_sequence('annotation_comments', 'annotation_comment_id'), COALESCE((SELECT MAX(annotation_comment_id) FROM annotation_comments), 1), true);
SELECT setval(pg_get_serial_sequence('annotation_files', 'annotation_file_id'), COALESCE((SELECT MAX(annotation_file_id) FROM annotation_files), 1), true);
SELECT setval(pg_get_serial_sequence('equipment_files', 'equipment_file_id'), COALESCE((SELECT MAX(equipment_file_id) FROM equipment_files), 1), true);

COMMIT;
